Comment,Number
"Merci Ã  NordVPN pour la collab, voici le lien pour les intÃ©ressÃ©s : https://nordvpn.com/drnozman",4
MusÃ©e Nozman le musÃ©e de la science âš—ï¸ğŸ”¬ğŸ§ª,5
"Il ne s'arrÃªte en effet jamais (avant son arrÃªt, assez rapide). Pas clickbait du tout. Juste pour attirer tous les zozos persuadÃ©s que le mouvement perpÃ©tuel existe mais ""ils"" ne veulent pas que vous le sachiezâ€¦",2
"Il nâ€™y a pas forcÃ©ment de frottement et il peut y en avoir des infimes, donc qui ne sont pas assez importants pour empÃªcher une projection suffisanteâ€¦",3
Oui on veut un musÃ©e,3
je veux un muser,3
Il est comme toi rien ne l'arrÃªteğŸ˜‚ğŸ˜‚ğŸ˜‚,5
il  roule ?,1
il tourne dans le vide,1
Salut Doc !,5
Pourquoi il y a un trou sur l'une de ses tranches ?,2
faire des flipsğŸ˜†,5
WAAAAAAAAAAAAAAAA MON ENFANCE,5
Je veux pas sonner mÃ©chant ou quoi mais est ce que ta sponso pour NordVPN t'as pris tellement de temps que tu as oubliÃ© de parler du Kururin achetÃ© au Japon qui a EXACTEMENT le mÃªme principe?,1
Ah et sinon je pense parler au nom de toustes quand je dis que OUI on veut un musÃ©e.,3
"sur un plan en pente lÃ©gÃ¨re, il ne s'arrÃªte pas et est plus facile Ã  amorcer.",4
"La gravitÃ© est une force conservative, sâ€™il nâ€™y avait quâ€™elle ce nâ€™est pas Ã§a qui arrÃªterait le mouvement de lâ€™objet. Ce sont les frottements les coupables.",3
Ã‡a nâ€™enlÃ¨ve rien au fait que tes vidÃ©os sont top car on y voit de belles curiositÃ©s ğŸ˜Š,5
Le mien a du mal Ã  faire un flip dÃ©jÃ ... Ou tu l'a acheter cette objet ?,1
"Je veux une voiture de cette forme, Ã©conomie d'Ã©nergie grave, mal au bidon aussi !",2
C est vraiment bien ces vidÃ©os. Surtout pour les petites expÃ©riences pour les enfants. Mais certains objets comment les obtenir.,5
Pourquoi ne pas avoir parler des petits trous ?,1
son utilite est precisÃ© dans titre,4
Bof,2
Okiy,3
Un musÃ© trooooooop cooooooooooooooooooooooooooooool,5
tu es  gÃ©nial nozman ; sinae,5
ca ressemble a celui en forme de tube avec les bouts en,4
Caoutchouc,3
1:33 le sponso sâ€™arrette,1
Le flipo se retourne infiniment,1
Le flippo câ€™est pas Ã  peut prÃ¨s le mÃªme phÃ©nomÃ¨ne quâ€™avec le phytope ( sorry pour lâ€™orthographe du mot ),2
Mec je sais que nord vpn te paieâ€¦mais n importe quel informaticien avec un qi supÃ©rieur Ã  deux chiffres pourrait te dire que c est une immense arnaqueâ€¦.donc cesses de promouvoir une arnaque pour tes abonnÃ©s et soit plus attentif Ã  l argent que tu prends,1
"Salut, mon frere a l'Ã©poque avait fabriquer une toupis en forme de sphere, qui, quand on la fais tourner assez vite ce retourne pour tourner sur la tige, si tu pourrais trouver cette objet et nous la prÃ©sente ca serait top",5
il filp tellement qu'il devient jaune?,2
Une rotation infinie,3
Je pense que le flipo sa sÅ“ur pour jouer Ã  Ã  le faire Tournus,3
J'ai le meme en bois et il marche pas :(,1
c'est trop cute JPP,2
Va ouvrir le Noz MusÃ©um,5
je pense que ca va faire un truck chellou,3
Nikel la vidÃ©o ! Il faudrait que tu test le nouveau bracelet pour faire des rÃªves lucide.,5
Comme dans le nom il fait des flip,3
4:55 une boule sur un sol plat ! Enfin la vÃ©ritÃ© apparaÃ®t au grand jour !,1
"Prends garde, les Illuminati reptiliens extra terrestre vont chercher Ã  te faire taire !",5
"Attention attention, ce commentaire nâ€™est pas Ã  prendre au premier degrÃ©.",2
"le musÃ©e du docteur Nozman et ses objets ""contre intuitifs""",2
Si je comprend bien le flipo et lâ€™oloÃ¯de ont une source dâ€™Ã©nergie quâ€™asi infinie ?,3
1:39 bah chepa j'ai regardÃ© le titre XD,1
Personne ne s'est demandÃ© pourquoi il y a 2 trou sur les cotÃ©s ?,1
Il aimente,5
Ouvre un museeeee !,5
salut nozman tu pourais faire plus de video objet sinon tes video son top !!!!!!!!,5
Un musÃ©e d'objets serai gÃ©nial !,5
L'octogone ne fonctionne pas bien ğŸ˜“,1
"""qui ne s'arrÃªte jamais"" Bah tient je serais curieux de voir Ã§a...",1
Jâ€™en ai achetÃ© un sur internet mais câ€™est compliquÃ© Ã  lancer sa glisse de ouf,2
"l'Ã©nergie s'Ã©puise Ã  cause de la fruiction , pas Ã  cause de la gravitÃ© , vous me dÃ©cevez cher Doc !",2
Comme un cercau,5
Il flip,1
Il toujours du mal avec les mises au point celui-lÃ ...,3
"Ce serait cool de les voir glisser / rouler sur des surfaces bcp plus grandes, genre en extÃ©rieur",3
"""Chacune des deux surfaces du carrÃ©""",2
Lâ€™explication scientifique est oÃ¹?,3
C'est un anti stress,4
tu l'as dis en rigolant mais no joke tu ouvres un musÃ© des objets je paye mon entrÃ©e direct,1
ce sont des objet impressionnant de par leur conception mais ont il une utilitÃ© rÃ©el ? En quoi sont il utilisÃ© ?,3
Dâ€™abitude jâ€™ai pas la science mais t'es vidÃ©o me pationent ğŸ¤©,2
"continu comme Ã§a avec les objets scientifiques, vraiment !!!!!!!!!!",5
et si tu le rqttrape pas est ce qj'ilcontinu de rouler au sol,1
Ã‡a serait top des fois de tenter des expÃ©riences avec ce genre dâ€™objet du style jusquâ€™oÃ¹ ou combien de temps le flipo peut rouler lol (un peu Ã  la mythe buster),4
Je suis revenu car tu est parti des tendance ! Like moi S'il te plaÃ®t Vive la science,1
"Nozman, l'adn est en rupture de stock tu compte en refaire faire ?",2
"Dis moi Dr nozman, est-il possible de crÃ©er de lâ€™Ã©lectricitÃ© dans lâ€™espace avec le mouvement dâ€™un objet qui ne sâ€™arrÃªterait jamais ?",2
GÃ©nial cet objet!!! Mais j'aperÃ§ois un petit trou vers un coin et je me demande s'il n'aurait pas Ã©tÃ© lestÃ© avÃ© du plomb ?,5
"Sinon, je crois le mouvement perpÃ©tuel n'est pas possible, sur terre en tout cas ... n'est-ce pas? Merci Doc, seb from ğŸ‡¨ğŸ‡­",2
Le flipo est un nouveau type de suppositoire bionique Ã  transition quantique de phase.,5
"Ses surfaces sont concaves, pas convexes me semble-t-il",3
Pourrai t il faire rouler une voiture,1
il sert Ã  rien,5
"Ã€ 5:00 , c'est le principe du cÃ´ne de frottement ?",1
Les scientifiques on trouvÃ© le trucs impossible a faire ses avalÃ© 4 fois sa salive,1
"Salut Doc, j'ai une suggestion d'objet satisfaisant Ã  te proposer ğŸ¤”",4
"Le boulon Ã  double sens, deux versions possibles.",4
https://youtu.be/cvi8A2XCK94,5
Il saire a rien :D,1
oui pour le musÃ©e !!!,5
Un trophÃ©e YouTube ğŸ¤£,5
dans intention tu prends ca comme totem t'es dans la merde mdrr,5
0:20 hÃ©licoptÃ¨re hÃ©licoptÃ¨re ğŸš ğŸ’¨ğŸ˜‚ğŸ¤£,1
"sur une petite distance oui, mÃªme un cube peut faire cette distance sans problÃ¨me. j'ai cru que c'Ã©tait quelque chose d'intÃ©ressant. bref c'est une perte de temps .",4
"pourquoi je ne vois la rien de bien extraordinaire , tu le pousses , il roule et il s'arrÃªte , tu le repousses , il reroule et il se rearrÃªte , juste son mouvement ""une sorte de flip"" est rigolo , trucs de fou ğŸ¤” mwaouais booof , rigolo et intÃ©ressant ,  un peu plus",2
Tu le pose et il se mets a tournÃ©e,1
pour moi le flipo fonctionne en transmettant sa masse au haut de la piece apres chaque roulade ce qui multiplie ses roulades,5
"Je ne sais pas qui a eu la gomme frixion. Mais perso, jâ€™arrÃªtais pas de lâ€™utiliser comme un flipo, Ã§a fait exactement la mÃªme chose !",3
Euil y a tous le monde qui fond des sponsor avec NordVPN ğŸ˜­ğŸ˜‚,5
c Ã©tait super bien merci <3,5
Il fait prrr pra prout ğŸ˜‚ğŸ˜‚,5
t'aurai pus le tester dans ton skatepark et voir la distance qu'il peut parcourir....,5
Salut super vidÃ©o jâ€™adore Câ€™est beaucoup trop classe ! Le timer de la sponso câ€™est vraiment bien aussi !!!!!,5
Quâ€™est ce que Câ€™est chiant cette maj qui supprime les Â«Â jâ€™aime pasÂ Â»,1
"Moi, je dessine des musÃ©es et je trouverai Ã§a trÃ¨s bien d'avoir un musÃ©e des objets. MÃªme s'il ne dure que quelques mois.",5
"tu crois que homo sapiens premiers du nom c'est dit "" j'adore les objet"" ? x')",1
5:35 comme au foot aussi,5
"'' FLIPO '' , Ã§a pas d'objectif prÃ©cis. Juste un truc intÃ©ressant crÃ©Ã© par la gÃ©nie! ğŸ˜",2
"Sa me rappelle un objet asiatique c'est espÃ¨ce de cylindre en bois, je sais pas si on vas me comprend mais il avais prÃ©senter et sa faisait le mÃªme phÃ©nomÃ¨ne voilou ^^",3
Câ€™est le rappel dans PokÃ©mon cet item,5
le short etais deja trop long,2
Trouver l'interÃªt d'un objet alors qu'il le dit dans le titreğŸ¤¡,4
Faut mettre un flipo sur un tapis roulant,3
Toupille,1
"A l'exdrÃªme-troite, on peut apercevoir un Florian flipo.",3
Pourquoi il y a 2 trous sur la tranche du Flippo ?,2
Ah j'attendais une dÃ©mo grandeur nature dans le skatepark !,5
"Les temporalitÃ© alternatives ne sont pas un sujets complexes, simple Ã©numÃ©ration des futures possible avec rÃ©sultats relativiser opposant un algorithmes de croissance dÃ©croissance comme variable",3
On peut faire la mÃªme avec un trophÃ©e Youtube ? ğŸ¤”,1
Le flipo je pense que sa sert juste Ã  destreser ou Ã  voir si une surface est plate,3
Tu met des traces de doigts partout! :o,5
Rip le flipo sur ton lien fin sur amazone que des mauvais commentaires j'aime Ã©normÃ©ment tes vidÃ©o depuis tout le temps des gÃ©ode au gyroscope en passant par les expÃ©riences  mais le lien c pas fou ğŸ˜‚ğŸ˜‚ğŸ˜‚ğŸ˜‚,3
"sinon ca me rappelle aussi le bÃ¢tonnet jaune je crois que tu avais gagnÃ© dans une machine a boules au japon (d'ailleurs mes parents m'ont jamais laissÃ© acheter un truc dans un distributeur comme ca mais bref je m'Ã©gareâ€¦) avec des ronds de caoutchouc aux extrÃ©mitÃ©s, il fonctionnait un peu sur le mÃªme principe, non?",3
"""Vous voulez un musÃ© d'objet ?""",1
...Oui,3
4:06 tes sÃ»r que c'est Ã  cause de la graviter et non de la friction ?,2
Mec jâ€™aime vraiment que tu mette le temps de la sponso sa nous permet de ne pas perdre de temps,5
2:38 rolrolrol on dirait le bruit d un roulement mort ou un vieux train Ã  vapeur en pleine montÃ©e ğŸ˜…,1
"Je pense que le flipo sert Ã  comprendre la thÃ©orie des cordes ainsi que la relativitÃ© restreinte, ou bien alors il ne sert a rien du tout... HonnÃªtement Je sais pas ğŸ¤·â€â™‚ï¸",2
Dans ton musÃ©e il faudrait rajouter le beeblo :,4
https://m.youtube.com/watch?v=z-5jsY_VMMg&noapp=1,1
Et l'anaphor :,3
https://m.youtube.com/watch?v=LFgLV6LlTXE,5
Mais je crois qu'ils sont en campagne de lancement...,3
Il ne s'arrÃªte jamais,1
J'ai rÃ©ussi Ã  remonter le temps ?? Je suis sur d'avoir vu cette vidÃ©o y a un baille.,2
Pour moi le flipo est un objets qui se dÃ©place  tout seul pendant pas male de temps,3
"Son Ã©nergie ne s'Ã©puise pas par la gravitÃ©. Au contraire, elle intervient dans le mÃ©canisme de sa conservation et de sa convertion en mouvement. L'energie du bidule s'Ã©puise par fortement comme tjrs...",3
"Salut Nozman, tu pourrais tester le tableau de sable, trÃ¨s satisfaisant !!! ci dessous une vidÃ©o exemple : https://youtu.be/uuY98WxkIiQ",5
"Donc il s'arrÃªte de tourner Ã  un moment, c'est quoi ce titre",1
le truc qui sert vraiment Ã  rien... donc qui est indispensable,5
Jâ€™aurais du essayer de faire rouler mon iPhone 3 ğŸ¤¦ğŸ½ğŸ˜­,5
c'est le mÃªme principe que le kururin que t'avais dÃ©jÃ  prÃ©sentÃ©,5
"Ton disque de lâ€™air, jâ€™ai fais la mÃªme avec un verre et Ã§a tient trÃ¨s longtemps. De quoi lancer un challenge aha",5
ma prof de maternel  nous offrez des tubes en plastique ou en metal quand on rÃ©pondez a  des truc difficule il y  avez une bille a l intÃ©rieur et et ca fonctionne presque pareille,4
"Tous les objets, attrapez les tous !",5
Encore une vidÃ©o trop cool â¤ï¸,5
C'est simple le flipo c'est un trophÃ© youtube pour le 1er abonnÃ© ?! a non zut !,1
"Quand je regardais le Flipo, je me disais ""Disque d'Euler"" et lÃ , tu le montre en fin de vidÃ©o. Ces objets sont tellement beaux dans leur forme et leur mouvement.",1
"Et sinon, ca fait iPod avec cette prise jack sur la tranche ?",3
"Le disque d'Euler reste mon prÃ©fÃ©rÃ©, il est juste incroyable",5
c'est Flippant...  ;-),2
"""j'adore les objets""",5
la question que tout le monde se pose : sur combien de m Ã§a peut rouler avant de sâ€™arrÃªter ?,3
cc,4
HELIKOPTER HELIKOPTER,5
Je pense que Ã§a tourne infiniment,2
"Le musÃ©e, le musÃ©e !  (Pourquoi â€leâ€ et â€Ã©eâ€ Ã  la fin ? TROP DE QUESTIONS !)",5
Y en a vraiment marre de nord vpn vous abusez,1
"La derniÃ¨re chose, qui s'arrÃªtera aprÃ¨s toute celle que tu nous, aura prÃ©sentÃ©, c'est toi Nozman ! la science est sans limite ! ğŸ˜‚",1
Manquerait plus qu'il y ait un seul Ã©lÃ¨ve dans la salle qui ait cet objet en sa possession et Ã§a rend fou tout le monde avec ce bruit..,2
Oui on veux un mussÃ©,3
Pourrait on l'utiliser comme une roue sur une voiture?,3
tourner a l'infini,5
Ce qu'il me fait marrer ... c'est que mon chien s'appelle flipo...et est gros... j'ai l'objet parfait Ã  mettre sur sa laisse en pendentif maintenant.,5
1:47 je pense que ca va bouger longtemp,1
C'est super sympa d'avoir parlÃ© de bowling !,5
J'en fais en tant que sport et j'ai Ã©tÃ© l'un des champions Suisse de ma catÃ©gorie haha,5
possibilitÃ© de mouvement perpÃ©tuel si on utilise une table aimantÃ© par un Ã©lectroaimant avec une frÃ©quence d'aimantation ?,3
Lo,3
LA PHYSIQUE MECANIQUE,4
Câ€™est pas plutÃ´t les chÃªnes que les Ã©rables ?,3
C'est simple c'est parce que,3
Il a 4 face un peu arrondi,3
Donc quand il tombe sur un cÃ´tÃ© il roule un peu et sa fait une boucle,3
J'espÃ¨re avoir bien expliquÃ©,5
"Bonjour, le tiens a aussi deux trous pour le mettre en pendantif ? Ils sont en mÃ©tal ou pas ? J'ai commandÃ© sur Amazon, et franchement, Ã§a ne marche pas, sur aucune surface. Quel poids fait le tiens ?",2
Il faut un talent particulier peut-Ãªtre ?,3
Merci de ton aide !,5
Il me fait un peu pensÃ© aux trophÃ©s YouTube ğŸ˜‚,3
"On dirait qu'il est vivant, j'ai envie d'Ãªtre son ami",5
Pour dessiner des balles appelle Tristan il s'en chargeras ğŸ˜†,5
Je pense que le flipo sert Ã  empÃªcher la loi de murphy,3
Un musee-boutique de tous les objets Ã©tranges et contre-intuitif. Mais faudrai pas tomber dans le drop shipping donc faudra signer des accords dans le monde entier avec tout les crÃ©ateur etc doooonc câ€™est chaud :(,5
0:21 HELIKOPTER HELIKOPTER TATATATATATA PARAKOPTER PAARAKOPTRR,1
Est-ce que Ã  force de l'utiliser il s'use et ne fonctionne plus ?,1
stp ne parle pas comme si tu parlait a un mec de bac 5+++,1
Les placements de produits =ğŸ¤®,5
Tu pourrais nous mettre le nom de chaque objet pour savoir comment se les procurer,4
"Dans 2 ans, t'as ton musÃ© dans un metaverse crypto. Info du futur.",2
J'ai une amie son nom de famille c Flipo :'),5
"Perso, Ã§a me fait penser au Kururin que tu as prÃ©sentÃ© dans la vidÃ©o des objets du Japon. C'est exactement le mÃªme principe.",4
Je pense que c'est une genre de toupie?,2
Tu veux pas trouver une machine qui fait tourner le disque d'euler tellement vite que phase de fin dure plusieurs dizaines de secondes?,2
Les tremblements de terre,4
Go faire une course entre les diffÃ©rents objets d,4
"Prochain challenge, faire un rythme avec les flipos et ses surfaces convexes !",5
"J'aurais bien aimÃ© connaitre le prix !!!!! J'ai adorÃ© cet objet et vos explications que j'ai trouvÃ©es un peu rapides,pour le coup !!!! Mais pouce bleu obligatoire car hautement mÃ©ritÃ© !!!",4
"Dr Nozman, je voulais savoir, si on skip la partie sponso de la vidÃ©o, cela influe-t-il en mal sur ta chaine ? Doit-on les regarder quand mÃ©me ces parties sponsorisÃ©es ?",2
wasted,1
Je vois pas lâ€™utilitÃ© a avoir sa ğŸ¤·â€â™€ï¸,2
Un musÃ©e dans un metaverse Ã§a serai fou ^^,5
"super cet objet , mais jâ€™ai une question : quelle distance il peut parcourir sur une surface plane avant que la force de gravitÃ© ne lâ€™arrÃªte ?? et en interieur bien sÃ»r pour pas prendre en compte le vent qui peut altÃ©rer son roulement ?",4
Hello ! As tu entendu parlÃ© du pendule wilberforce ?,5
C est un objet des illuminati !!! C est juste pour dÃ©montrer que le pÃ©trole est indispensable aux humains et que le mouvement perpÃ©tuel existe pas !!! Tout comme l Ã©nergie naturelle renouvelable et surtout gratuite pour tout le monde !!! ğŸ‘ğŸ‘ğŸ‘,5
ğŸ”¥ğŸ”¥ğŸ”¥,5
Simple.basique.,3
T vidÃ©o sont beaucoup plus intÃ©ressantes que mes cours de physique chimie MDR ğŸ¤£ mais en mÃªme temps c normal t un peu le meilleur scientifique et youtubeur du monde,3
On attend la premiÃ¨re voiture Ã©quipÃ©e de flipos en guise de roues,3
"SincÃ¨rement j'aimerais que tu reparle du vaccin ğŸ’‰ des 2eme 3eme dose que tu fasse une mis Ã  jours car c'est Ã  plus rien y comprendre, plus de vaccinÃ© ds les hÃ´pitaux que des non vaccinÃ©, enfin bref ??????",1
Super maintenant il est en rupture de stock Ã  cause de ta vidÃ©o ğŸ˜‚,5
"Disque Deuler 2017, pardon mais je te suit depuis quand en faite j'ai l'impressions que c'Ã©tait il y a 6 mois !",3
La lÃ©gende raconte que si la roue ronde n'aurait jamais Ã©tÃ© inventer les voitures aurait eu des roue carrÃ©s.,3
mais Ã  quoi sert les petits trou ?,3
Ta des miettes sur ta table,2
c comme lâ€™ oloide que tu avais dÃ©jÃ  prÃ©sentÃ©,5
Une petite imprÃ©cision:,3
L'Ã©nergie ne s'Ã©puise pas Ã  cause de la gravitÃ©. Elle s'Ã©puise Ã  cause du frottement.,3
"Sinon, trop bien tes objets!",3
A quand le flipo-bowling !?,3
De ouf le musÃ©e go depart !!,1
Ã‡a serait intÃ©ressant de le mettre sur une longue distance et voir quand Ã§a s'arrÃªte,3
Quand tu le fais tomber il s'arrÃªte pas de rouler enfin jsp comment expliquer,1
9â‚¬!!! 4â‚¬ (avec livraison Ali express),1
La formule 1 est gratuite en Belgique,5
"Olala jsuis Ã©tudiante en premiÃ¨re annÃ©e dâ€™une Ã©cole dâ€™ingÃ©nierie, tâ€™imagines pas le nombre de forces que jâ€™ai dessinÃ©es dans ma tÃªte pendant le mouvement de cet objetğŸ˜‚",3
Faire des flips,5
Ã‡a marche avec un briquet mais beaucoup moins bien Ã©videment,3
Mais ducou pour les voitures si on essaie d'adapter les roue au systÃ¨me   du flip elle pourrait rouler en utilisant beaucoup moins de carburant non?,3
Le mot convexe nâ€™est utilisÃ© quâ€™en maths ğŸ¤£ğŸ¤£,2
Je suis la seule Ã  trouver que le bruit du flipo est super satisfaisant ? ğŸ˜‚,3
"Je pens eque le flipo sert Ã  comprendre la thÃ©orie des cordes ainsi que la relativitÃ© restreinte,ou bien alors il ne sert Ã  rien du tout...HonnÃªtement je sais pasğŸ¤·â€â™‚ï¸",2
"sÃ©rieusement c'est quand que les youtubers vont se rendre compte que leurs pubs pour les vpns disent des trucs trompeurs, ce n'est pas faux, juste trompeur...",1
(pour ceux que Ã§a intÃ©resse je recommande la vidÃ©o de tom scott sur le sujet : https://www.youtube.com/watch?v=WVDQEoe6ZWY),4
"HoulÃ  mais Nozman tu fais une erreur assez grave, lÃ  ! C'est pas la gravitÃ© qui l'arrÃªte, c'est les frottements ! La gravitÃ© est au contraire ce qui le fait rouler !",3
Ã‡a fait Â«Â flipper Â«Â  ğŸ˜‚ğŸ˜‚ğŸ˜‚ dÃ©solÃ©,1
"24 x 2,69 = 64,56 euros et non 67 et des bananes comme Ã©crit sur le site :/",1
pendant un moment je me suis dit que s Ã©tait un mouvement perpÃ©tuelle (lol),2
ca peut aussi faire des ricochets sur l'eau ?,2
oui une video d objets,3
Connaissez vous lâ€™anagyre ?  Un objet qui change tout seul de sens de rotation  ğŸ˜±,5
"Dommage, c'Ã©tait possible d'expliquer la notion de transfert d'Ã©nergie potentielle et cynetique (verticale MAXp et minc, horizontal MAXc et minp,... ) sinon chouette objet ğŸ‘",2
On pourrait faire un flipo hand spinner,3
kÃ©s ki fÃ©,3
achetÃ© 15 balles sur amazone... 15 balles de foutus en l'air: au pire ne culbute qu'une fois de toutes les faÃ§ons ğŸ˜¡,1
Mais sinon ! Ã‡a sert Ã  quoiğŸ˜…?,3
Et tout Ã§a pour dire ? A quoi ca sert le flipo ? A rien ?,5
Et dire que tout a commencÃ© avec le hand spiner,5
j'adore,5
Ã‡a fait penser Ã  l'oloÃ¯de,3
"c'est moi ou il a dit "" abonnez vous pour ne pas louPER squÃ© arrive sur la chaine""?  Thomas Pesquet?  un genre de message subliminal auditif pour teaser une Ã©ventuelle vidÃ©o avec T.P",1
Jâ€™ai attendu tout le long quâ€™il le fasse rouler dans le skatepark hahahahaahğŸ˜¢ğŸ˜¢,5
Une petite exposition au palais de la dÃ©couverte Ã  Paris la hmm,4
La dâ€™inguerie ğŸ”¥,5
En fait il ne fait que du tÃ©lÃ© achat...,1
"Y'avait pas aussi celui qui finit toujours par tourner dans le mÃªme sens, peu importe la maniÃ¨re dont on le lance ? Ã‡a m'a tout l'air d'Ãªtre dans la mÃªme catÃ©gorie, non ?",2
.. appliquÃ©e ..,4
je veux un disque de l'aire mais je n'en trouve pas ğŸ˜­ je ses pas ou acheter ca,1
"A quand un tournoi des objets ?? Gyroscope , disque dâ€™euler, flipo (qur un tapis roulant inclinÃ© par exemple) â€¦",3
Histoire de voir quel objet durera le plus longtemps ğŸ”¥ğŸ”¥ğŸ”¥ğŸ”¥,5
"Bonjour Dr Nozman, je me pose une question en voyant ces objets aux mouvements si particuliers.",3
Est-il possible de crÃ©er de l'Ã©nergie verte en se basant sur les mÃªmes principes scientifiques ?,3
"Si l'Ã©nergie dÃ©ployÃ©e est supÃ©rieure Ã  l'Ã©nergie employer pour initier le mouvement, on doit pouvoir convertir cette Ã©nergie mÃ©canique en une autre Ã©nergie ? (un peu comme une dynamo)",3
Ou carrÃ©ment fabriquer une voiture avec des oloÃ¯des Ã  la place des roues.,5
Pareil je dis n'imp mais ces objets semblent avoir un potentiel incroyable.,3
"Des roues de bagnoles en forme de tes objets chelou ! Au Canada ils ont dÃ©jÃ  Ã§a, j lâ€™ai vu dans south park!",5
Et merde... x),1
Suis-je le seul Ã  kiffÃ© le son que fait le flipo sur la table ?ğŸ˜‡,3
"Super vidÃ©o! Un vulgarisateur gÃ©nial! Mais quand mÃªme, ce que tu dis Ã  3:50... C'est faux... L'Ã©nergie cinÃ©tique ne s'Ã©puise pas Ã  cause de la gravitÃ©.",5
"La force de gravitÃ© est l'une des causes de l'oscillation (Une baisse, Une augmentation, une baisse, etc...) de l'Ã©nergie cinÃ©tique. En revanche ce qui crÃ©e la chute de la valeur moyenne de l'Ã©nergie cinÃ©tique sur une pÃ©riode est la prÃ©sence de frottements secs avec la surface (et pour Ãªtre rigoureux, les frottements visceux avec l'air aussi). Au passage, il serait bien plus simple de parler d'Ã©nergie mÃ©canique que l'objet s'efforce de conserver au cours du mouvement!",3
"J'ai conscience que vulgariser est compliquÃ© mais depuis quelques vidÃ©os, la partie dÃ©diÃ©e  la comprÃ©hension du phÃ©nomÃ¨ne physique est, je trouve, trop maigre.  Et en plus inexacte dans ce cas...",2
"Je suis un gros rageux, dÃ©testez moi  aha sinon l'objet reste trop cool, et la vidÃ©o aussi âœŒ",3
"J'en ai un, sa sert a rien mais c'est stylÃ©",2
Pour ceux qui ont pas reconnu 0:08 le bruit des tentacules de slender the arrival,1
L'effet s'arrÃªte notamment Ã  cause de la gravitÃ© ET des forces de frictions aussi.. non?,2
je veux un pull symbiose en M stp yâ€™en a plus je suis tres triste,1
Chaud de le faire sur 10km,3
Le musÃ©e Nozman ! ğŸ›ğŸ”¬,5
On veut un musÃ©e dâ€™objets avec une boutique souvenir parce que nous aussi on veut commencer une collection,5
"Le flipo câ€™est comme lâ€™expansion de lâ€™univers , câ€™est infini",5
Enfaite tout les youtubeur font un placement avec nord vpn,5
Bonjour ! Tu ne fais plus le MSN ? J'adorais cette Ã©mission ğŸ˜,5
DÃ©but Ã  1:50,3
ca ma soule il veut pas le mettre par terre jveu le voir s arreter,1
#FREEPALESTINE.,1
Euuuh entre parenthÃ¨ses: FÃ©licitations pour les 4M d'abonnÃ©s c'est une nulle Ã©tape...enfin Ã§a change rien puisque la science n'attends pas et  t'es vidÃ©os sont trop intÃ©ressantes. ğŸ˜ŠğŸ¥°ğŸ˜ğŸ˜ğŸ˜ğŸ˜Œ,1
"Ca n'a rien de bizarre, vu la forme et la rÃ©partition du poids...",3
En bref c grace au relief qu'il tourne comme Ã§a,5
8 minutes sur un objet insolite,1
Juste le goat,5
"J'imagine que le flippo a une relation Ã  la gravitÃ©, je m'explique :",3
"Je verrais bien le flippo, Ãªtre une sorte de perfectionnisation gravitationnelle, ce qui voudrait dire que, lorsque nous posons le flippo sur une surface plane, Ã  partir du moment oÃ¹ celui-ci bouge en permanence, cela voudrait insinuer que la surface plane ne l'est pas complÃ¨tement, Ã  l'inverse, si ce flippo, une fois posÃ©e sur cette mÃªme surface plane, mais cette fois-ci recalibrÃ©e, il devrait ne plus bouger, si cette derniÃ¨re est Ã  100% parfaitement droite.",3
Qui est partant pour que Dr Nozman ouvre le MOIS ?,3
(MusÃ©e des Objets Insolites et Scientifiques ),5
OUI un musÃ©e !,5
Il brille,5
"Je pense que c'est presque l'objet le moins intÃ©ressant, de visuel on comprend d'un coup d'oeil comment cela fonctionne et sans un certain Ã©lan qu'on lui donnera (Ã©nergie initiale) il ne bougera pas donc rien de magique en somme, mÃªme pas un effet trompe l'oeil car sa forme est totalement visible",3
Moi j'en ai un je l'ai appelÃ© Florian.,5
Ã‡a ma fais penser Ã  une espÃ¨ce de prototype de nouvelles roue peut Ãªtre ğŸ¤·â€â™‚ï¸,3
Les roues des canadiens dans south park,4
J'adore ğŸ’•,5
le musÃ© le,5
musÃ©,5
"If you like adventures, come here ğŸ˜²ğŸ˜¯",5
HeLiCoPtÃˆrEğŸšHeLiCoPtÃˆrÃˆ,5
Le flipo sert a montrÃ© la relativitÃ© de l'infinitÃ© continu,4
QUI CONNAIT UN LOGICIEL POUR CONSTRUIRE DES TRUC EN LEGO GRATOS,4
"J'en peu plus des pubs vpn dans ces vidÃ©os sur youtube, ca part d'une passion autre que ce systÃ¨me de tÃ©lÃ© blindÃ© de pubs et finalement on se retrouve avec la mÃªme chose, je ne nie pas que j'aime bien le contenu que je choisis de voir, contrairement Ã  la tv qui passe en boucle les mÃªmes choses, mais la c'est vpn, shadow legend etc... dans tous les sens... et en plus on t'explique a chaque fois ce que c'est. Mettez un marqueur au minimum ou je sais pas un logo vpn dans un coin et c'est marre ! Vpn c'est incrustÃ© dans le fond de notre cerveau maintenant.",3
On pourrais crÃ©er une energie infinie avec le mouvement autonome,5
on peut acheter ou ces objets ?,3
Ce sont les nouveaux trophÃ©es Youtube ? :),1
Petit conseil lis Dr.stone,4
"""J' adore les objets!"" :Dr Nozman 2021",5
Du coup tu les appelle Florian? Florian Flipo....,1
Imaginez ils ont utilisÃ© cette forme pour faire les pyramides Ã§a aurait Ã©tait plus facile niveau transport ğŸ˜‚,3
Cool,5
C'est flippant !,2
-1 pour nord vpn (marre d'entendre parler d'eux) Si ils Ã©tait si bon sa ce saurait .....,3
Pk tu as sorti une video quand je dois faire une rÃ©daction de 30 ligne sur charlemagne,1
es qu'il garde le mÃªme sance de graviter ( si oui ce pourrait-il qu'il puisse remplacer une roue,3
c'est une toupie non ou un truc comme sa,1
C'est quoi le record de distance du flipo ?,3
Florian Filippo nâ€™a quâ€™Ã  bien se tenir.,4
Moi je dis oui a 100% pour le musÃ©e :),5
J avais achetÃ© cet objet il y a 1 an et j ai jamais su Ã  quoi Ã§a servait... alors merci,1
"bonjour, c est quoi le truc noir sur le cotÃ© stp?",2
Ou sont passer les MSN,1
SINON SUPER VIDÃ‰O,4
"Bonjour, je dÃ©teste ce genre d'objet, et pour moi, n'ayant pas la grosse tÃªte, je trouve encore plus  ridicule qu'on vende Ã§a comme objet qui dÃ©stresse, ...vu sur internet aprÃ¨s recherche de ce qui me prÃ©occupait.. dÃ©jÃ  je dÃ©teste ceux qui porte ce nom, et pour la tare de ce que j'ai vu sur internet se rapportant Ã  ce nom, les goÃ»ts et couleurs crÃ©ation , attention un nom d'origine du Nord, horrible.hors il s'avÃ¨re que des gens diffÃ©rents  portent aussi  ce nom et ne correspond pas du tout Ã  ce genre d'habitants.et dans les goÃ»ts et couleurs...encore heureux... Bref, Ã§a me donne froid dans le dos..bye !",1
bonne idÃ©e pour le musÃ©e,4
moi je suis pliutot thÃ©orie  de la gravitation quantique a boucle,5
a chaque fin d'annÃ©e tu pourrais  faire une video ou tu presenterais tous tes objet que tu a eu c'ette annÃ©e,5
"Flipo qui vient du mot anglais flip jâ€™imagine donc Ã§a doit Ãªtre un truc qui tourne dÃ©jÃ . Jâ€™imagine que cette forme symÃ©trique, allongÃ©e avec ces cÃ´tÃ©s un peu courbÃ©s lui permettent dâ€™avancer en conservant un maximum dâ€™Ã©nergie cinÃ©tique pour continuer Ã  faire des flip.",1
Selon la mignature j'imagine qu'il avance en tournant ?,3
le flipo sa sert a faire des trou dans la patte a sucre en le faisant chauffee :),4
"bonjour, pouvez-vous faire une vidÃ©o ou vous nous montrez des bactÃ©ries de n'importe quel genre au microscope Ã©lectronique Ã  balayage SVP.",3
Transmission de force cinÃ©tique provoquer par la force de gravitÃ©.ğŸ¤”,4
Je pense que cet objet est fait pour Ãªtre mis dans le c...,3
"Nan mais un petit musÃ©e comme Ã§a avec des objets contre-intuitifs qui illustrent des principes de physique, ce serait incroyable.",3
5:50 Wsh t'as pas peur de la pÃ©ter la boule mdr,5
3:25 *Handspinner intensifies*,3
"0:10 ""Ch'ai pas si vous avez remarquÃ©""",1
*Convulse nerveusement*,1
Du coup j'aurais bien aimÃ© voir jusqu'oÃ¹ peut aller le flipo avant de s'arrÃªter,3
"Oui, c'est vrai que Flriant Flipo ne s'arrÃªte pas... De dire des Ã§onneries",2
"5M dâ€™abonnÃ©s, tu ouvres un musÃ©e avec tout les objects que tu as",5
Je pense que le flipo...flip haut ahah,2
Merci encore doc Nozman pour cette vidÃ©o et Ã  trÃ¨s vite car la science n'attend pasğŸ––ğŸ‘Œ,5
Ohhh la qualitÃ© !!!! J'adore. Sinon continue comme Ã§a,5
Un musÃ©e avec boutique alors ğŸ˜‰,5
"5:40 ou au billard, jouer avec ces deux ""vitesse"" permet de faire des moves stylÃ©s :p",4
Mec ton sourcil me stresse,3
bonne idÃ©e le musÃ©e,4
"Flipo, lâ€™objet qui ne sâ€™arrÃªte jamais sur 1 mÃ¨tre",1
Et le baromÃ¨tre a cristaux ? C'est quoi son fonctionnement ?,2
Câ€™est parce quâ€™il perd pas dâ€™Ã©nergie se qui lui permet de se remettre Ã  la verticale et retombe etc,2
MSN c'est fini ?,1
Ont veux un musÃ©e !!!!! ğŸ˜… Ã‡a donnera l'occasion de te voir !!!,5
C'est une super Nova dans ta boule !? ğŸ¤”ğŸ˜…,5
Pour s'Ã©tonner de cet objet ou le trouver contre intuitif (ou ne pas deviner ce qu'il va faire avec sont nom) il faut vraiment pas avoir la moindre notion de physique basique. Et encore qui a dÃ©jÃ  fait rouler une forme ovale mÃªme sans comprendre sera intuitivement qu'un ovale extrÃªme peu rouler.,2
"J'aurais aimÃ© que tu nous parles de l'interieur de l'objet , est il creux ou plein et surtout pourquoi ne l'as tu pas testÃ© sur une plan plus grand , pour voir jusqu'oÃ¹ il pourrait aller ... Suis pas bluffÃ© par cette video , surtout un moyen de faire la pub sur tes anciennes videos",2
3:58 les frottements * pas la gravitÃ©,2
Flipendo!,1
"merde, gourrÃ© de sujet..",1
"Sympas, j'aime bien ce genre de curiositÃ©, je sens que je m'en procurer un...",4
"Sinon au fait je sais plus, t'a dÃ©jÃ  parlÃ© du gÃ¶mbÃ¶c sur cette chaine, j'ai beau regarder, j'ai pas lâ€™impression de voir de vidÃ©o dessus et pourtant je jurerais que si. Bon aprÃ¨s l'objet est malheureusement plutÃ´t cher aussi.",3
pour la collection il y a aussi un objet que tu a ramenÃ© du japon,3
Fait une video de tout tes objets,5
il flipote,1
"Pourquoi pas un musÃ©e virtuel, oÃ¹ tu prÃ©senterais tous les objets et pourquoi pas de maniÃ¨re plus poussÃ©e avec des expliquations et des calculs ?",2
fait un strike avec le flipo sur une piste de bowling !,1
le trou situÃ© dans un des coins du Flipo a t-il une utilitÃ© ? Sinon c'est bizarre car Ã§a rend l'objet non homogÃ¨ne .,2
"Vous avez dit ""bizarre"" ...",1
Je vais acheter un flipo et je vais l'appeler Florian. Ce sera mon Florian Flipo.,1
"Une dÃ©mo sur des grandes distances aurait Ã©tÃ© sympa (dans le biome par exemple) ! ou sur un terrain de bowling pour avoir un sol plus ""plat""",3
Malheur Ã  celui qui a calculÃ© la dynamique cet objet,1
"Il s'arrÃ¨te pas ""Ã  cause de la gravitÃ©"" Ã§a n'a pas de sens, il s'arrÃªte parce qu'il perd de l'Ã©nergie Ã  cause des frottements avec l'air, des vibrations transmises Ã  la table, ...",2
Il nous fait le musÃ©e des objets du dr nozman,4
mouvement perpÃ©tuel ?,3
"Attend je sais, c'est un objet qui ne s'arrÃªte jamais !",1
Ã  quoi sert le petit trou sur le cote de l'objet ?,3
"On veut un musÃ©e, ou au moins une expo omg je veux",3
DÃ©solÃ© mais rÃ©vise ta gÃ©omÃ©trie... Le flipo n'est absolument pas un carrÃ© ğŸ˜…,3
Cet objet est tellement dingue qu'il existe une chanson Ã  son sujet !!,1
(et c'Ã©tait le nom de mon iench),1
https://www.youtube.com/watch?v=zZQAsuuJILc,5
Il sert Ã  quoi le trou sur le cÃ´tÃ© ?,3
Il en a pas dÃ©jÃ  parlÃ© ??,1
Sur la vidÃ©o dâ€™avant tu a recopier trash 5 secret sur la radioactivitÃ© tu as quasiment repris mots pour mots,1
Pourquoi il a deux trous ?,2
"Un musÃ©e dans le style du palais de la dÃ©couverte, je dis go!!",5
J'ai failli craquer et en acheter un ^^,1
Mais je cherche plutÃ´t Ã  me dÃ©barrasser des objets plutÃ´t qu'Ã  en accumuler ^^ mais c'est vraiment hyper classe ! Bien jouÃ© mec ;),3
LÃ  oÃ¹ tu es fort c'est rÃ©ussir Ã  faire de l'argent avec des choses que je possÃ¨de dÃ©jÃ  depuis un moment.,5
Moi Ã§a me coÃ»te cher tout ces trucs inutiles et toi tu gagnes ta vie avec.,5
Trop fort nozman,1
REFAIS DES VRAIS OU FAUX ğŸ™ğŸ™ğŸ™,1
La lÃ©gende raconte que le marker Rouge est Toujours en disparu,3
pourquoi il veut pas parler du gomboc,1
On voit me branchement pour le recharger ğŸ§ on m'la fait pÃ´ Ã  mÃ´a.,3
oui un musÃ©e stp,5
J'adore la science.,5
Muse  d objet ca serai dar,5
A quoi servent les trous,3
"Titre putatif, explication incorrecte, tout sauf de la science !",1
Vrai ou faux : tu ne feras plus de vidÃ©o vrai ou faux rÃ©guliÃ¨rement comme avant.,1
Voir plus du tout ğŸ˜‚,5
il me saoule,2
Les roues auront peut Ãªtre cette forme un jour.,3
On dirait le bouton youtube des trophÃ©es,3
Quand est-ce que tu sort une autre vidÃ©o sur le matÃ©riel mÃ©dical ou scientifique ???,2
Tu pourrais faire un petit musÃ©e Ã  objet dans une partie du biome !!,4
"Je pense que le flipo sert Ã  comprendre la thÃ©orie des cordes ainsi que la relativitÃ© restreinte, ou bien alors il ne sert Ã  rien du tout..... HonnÃªtement je sais pas ğŸ¤·â€â™‚ï¸",2
"Il y a un contre poids dans le centre, je veux dire par lÃ . Il est pas mal plus lourd dans son centre, donc une fois debout, l'Ã©lan se reprend.",3
"Salut Nozman, cet objet me fait beaucoup penser Ã  l'OloÃ¯de que tu as dÃ©jÃ  prÃ©sentÃ© sur ta chaine.",5
(edit : com postÃ© avant que tu fasse le rappel Ã  l'OloÃ¯de et le disque dâ€™Euler),1
Bon bah voila je sais ce que je vais offrir Ã  NoÃ«l !,4
"IntÃ©ressant,en tout cas,l'effet visuel est bien sympa Ã  regarder,je trouve..",3
Il flip,1
"Je pense que le flipo sert Ã  comprendre la 4e dimension, notamment ce quâ€™est un tesseract.",4
"je joue au jeu de la devinette : au 1er abord on dirait un fidget (merci la miniature). Je joue jamais Ã  ce genre de jeux mais pour un peu de respect, ca vaut peut etre le coup",3
un musÃ©e d objet surtout si tu organise les visite,5
Pourquoi pas utiliser cette science pour les voitures et autres moyens de transport. Pour le changement climatique,2
Il flippe,2
C'est un peu putaclique le titre,3
#IdÃ©e de vidÃ©o une vidÃ©o sur la science du bowling je trouve Ã§a vraiment intÃ©ressant j'ai jouÃ© pendant 4 ans j'ai toujours trouvÃ© Ã‡a cool continue tes vidÃ©os tu fais un bon travail!!â¤ï¸,4
Un Ã©quilibre parfait entre gÃ©omÃ©trie variable selon le mouvement incroyable concept,5
il ressemble surtout Ã  l'anagyre nn ?,3
J'en ai un et c'est vraiment de la merde... il ne tourne pas longtemps du tout. DÃ©faut de fabrication de mon modÃ¨le ğŸ¤”. En tous cas j'ai participÃ© Ã  leur kickstarter pour rien ğŸ˜­. En tous cas merci de m'avoir fait comprendre scientifiquement comment il aurait dÃ» fonctionner ğŸ¤£,1
Alors câ€™est un gros OUI pour le musÃ©e ğŸ˜,3
"Perso, je jouais aux flipos y a 20 ans dans en primaire.. des petites piÃ¨ces avec des autocollants qu'on devait lancer a terre pour les retourner et gagner les flipos de ses amis.. les technologies ont bien changÃ©",5
Mais Flipo ton lien de la street League sans flex tout de suite !!,3
https://m.youtube.com/watch?v=JvbfJRjvEiY,5
J'adore les vidÃ©os etc mais bordel je pays youtube premium pour me taper toute les pubs des YouTubeur dans leurs vidÃ©os ğŸ¤£,3
Pourquoi on utilise pas des Â«Â objetsÂ Â» ou gadgets comme celui ci qui pourraient Â«Â sâ€™auto-alimenterÂ Â» lors dâ€™une mission orbitale ou spatiale pour ainsi produire de lâ€™Ã©nergie ?,2
Vers les annÃ©es 2010 je crois il y avait un truc Ã  la mode de la forme dun tictac et il y avait une boule dedans qui faisait un mouvement de balance je sais plus le nom..,2
J'adore trop tes vidÃ©os,5
"Cette histoire de bowling est vachement interessante, je trouve que ca serait bien de faire des videos expliquant la science dans differents sports. Merci pour tes videos, continue comme ca !",3
"la c est vraiment la fin ... la prochaine vidÃ©o ""object incroyable"" , sera une allumette et en titre ont auras le bÃ¢ton autocombustible !!! pendant tte la video il va gratter des allumettes en disant WOW c est incroyable !!!",5
"heu... tu est sur que tu aime le skate pcq les street league sons dispo en France sur youtube , en live mÃªme...",3
"A partir de 4:00 la flÃ¨che blanche qui va vers le bas reprÃ©sente l'Ã©nergie potentielle de pesanteur du flipo, qui est ensuite transformÃ©e en Ã©nergie cinÃ©tique",1
le flipo sa coute combien,3
Merci l'Ã©quipe,5
Et la 90% des gens se demandent pourquoi il n'a pas tester sur une longueur distance et non lisse au lieu d'une table de 1m max ğŸ¤¦ğŸ¤¦,2
"Tu as une assez bonne capacitÃ© Ã  ""meubler"". Tu pourrais faire animateur dans les super marchÃ©s. J'ai travaillÃ© avec certains et ils sont trÃ¨s douÃ©s pour parler beaucoup mÃªme quand il n'y a pas forcÃ©ment quelque chose Ã  dire. C'est plus difficile qu'on ne le croit.",4
trop cool tes vidÃ©os,5
pourquoi on dirait que l'objet a une prise jack ??,1
Nozman ou comment meubler 8 min de vidÃ©o avec un carrÃ© qui roule,1
"5:22 Hello Nozman, je suis justement un bowliste et effectivement le principe est bien celui Ã©voquÃ©, c'est pour cela que nous avons diffÃ©rents modÃ¨les de huillage et de longueur de modÃ¨les afin d'apprendre Ã  s'adapter Ã  ses changements de friction. De plus, l'huile est liquide et se dÃ©place Ã  chaque passage c'est pourquoi un robot ne fait pas de 300 si on ne lui appliques pas une correction. AprÃ¨s nous avons aussi l'aide d'un noyau excentrique qui aide Ã  la prise de vitesse en sortie d'huile afin d'avoir plus d'impacts Ã  l'entrÃ©e des quilles. Enfin pour finir, nous utilisons des boules dites droites pour enlever qu'une ou deux quilles, elles ont pour principe d'Ãªtre glissante avec de l'huile et de garder une fine pellicule afin de terminer sa route bien dans la direction souhaitÃ©e",5
Tu est un musÃ©e Ã  toi seul mais oui la fizik cÃ© chik .... AlÃ©a jacta es l'ami,3
Enfin de croit,5
Ses grÃ¢ce Ã  son poids car il s'Ã©croule sur lui-mÃªme est ses Ã§a ainsi de suite,4
Ã‡a me paraÃ®t pas du tout contre intuitif ğŸ˜•,2
Go faire des roues de voiture carrÃ©,5
Vivement le musÃ©e Nozman !,5
chef Ã§a reviens quand les MSN?,5
J'achÃ¨te,5
"avant de voir la rÃ©ponse, je tente : le flipo sert Ã  vibrer un peu comme le disque d'euler.",3
Pourquoi  a t il un trou sur un cÃ´tÃ© ?,2
"Je suis le seul a avoir remarquÃ© ce petit trou sur la tranche du flipo, qui ressemble pas mal Ã  une prise jack ou alimentation ? Y aurait-il un moteur ou quelconque systÃ¨me Ã  l'intÃ©rieur ? A quoi sert ce trou Nozman ???",3
MDR dans la miniature ont voit a quoi ca sert.,3
Biom Museum of Sciences !,5
"Hey Nozman, super vidÃ©o mais petite erreur (vraiment petite) quand tu dis que l'Ã©nergie du fipo se perd Ã  cause de la gravitÃ©. En rÃ©alitÃ© l'Ã©nergie cinetique se perd Ã  cause des frottements de l'air et de la force de friction entre le fipo et la table. Un peu comme un pendule, si il n'y avait pas d'air, celui ci ne s'arrÃªtait jamais d'osiller une fois l'impulsion donnÃ©.",3
En fait il y'a une conversion d'Ã©nergie cinetique Ã  potentielle mais la somme des Ã©nergies se conserve (si il n'y a pas de frottements),3
Voili voilou a+ Noz!,1
Je flipo du tout arrÃªte de dire nâ€™importe quoi,1
Merci bien !,4
Flipo= jâ€™hallucine en hispanique,1
Superbe objet fascinant bravo merci big up Ã  toi,5
"Un musÃ©e ""pop up"" / Ã©vent qui rassemblerai pendant quelques jours ta collection mais aussi des objets de youtubeurs, avec des petite activitÃ© ou une sorte de terrasse ou on pourrait venir avec des amis passer l'aprem",4
Il y aussi des flipo de forme hexagonale,3
le plipo ser a : rien,1
"Et le petit trou sur la tranche du flipo?? Sinon , on a lâ€™impression Ã  certains moments sous certains angles que le Â«Â sommetÂ Â» des faces pyramidales forment elles aussi une pyramide, mais cette fois plus obtus",2
"Ce qui permet au flipo d'avancer sans se casser la gueule c'est l'adhÃ©rence au sol qui lui permet de tomber vers l'avant sans glisser, Ã  la faÃ§on d'un domino.",5
Au Ralentit c'est VRAIMENT  Trop Trop Styler ğŸ‘,2
"J'adore quand Nozman dit ""il y a plein de science en fait dans cet objet"" on dirait que la science c'est de la matiÃ¨re.",5
Pouce bleu pour un musÃ©e !,5
C'est quoi le record de distance du flipo ?,3
Elle est sale la table,1
pk y'a un trou dedans?,2
Fait un musÃ©e en 3D.,5
Un musÃ©e sur des objets scientifique se serait trop cool imagine un musÃ©e docteur Nozman,3
Fais une vidÃ©o sur le kalÃ©idoscope stpppppppppppp,1
Ã§a ferai un beau briquet pour frimer,4
4:03 bah contrairement Ã  ce qui est dit dans le titre il s'arrÃªte nft mdrr,2
Merci pour cette vidÃ©o ğŸ‘ğŸ¼,5
Un flipo sur un tapis roulant Ã§a donne quoi ? * - *,3
1:40 bah il suffit de lire le titre XD,3
"Bon, mÃªme aprÃ¨s avoir regardÃ© la vidÃ©o, je suis toujours pas convaincu que je roule sur une trÃ¨s grande distance. J'ai quand meme essayÃ© mais en vain, je n'ai fait que 1,47 m",3
"un objet qui parait simple, mais qui peut Ãªtre intÃ©ressant, le pendule de newton. ca serait cool en vidÃ©o",3
"Je pense que le flipo sert Ã  comprendre la thÃ©orie des cordes ainsi que la relativitÃ© restreinte, ou bien alors il ne sert Ã  rien du toutâ€¦. HonnÃªtement je sais pas ğŸ¤·â€â™‚ï¸",2
Plus de msn?,2
"Ã§a me foudroie, on dirait que le flipo c'est pris un croche pate 2:43 xD",1
SUPER,5
Bonnes traces de doigt la,4
La gravitÃ© n'est pas responsable de la perte d'Ã©nergie cinÃ©tique!,2
"La seule force qui fait perdre de l'Ã©nergie mÃ©canique au Flipo, c'est la force de frottement Ã  travers des micro-glissements Ã  chaque rotation. La gravitÃ© va juste permettre une alternation entre l'Ã©nergie potentielle de pesanteur et l'Ã©nergie cinÃ©tique, mais la somme des deux reste constante si il n'y a pas de frottements. Si il s'arrÃªte, c'est juste que trop d'Ã©nergie Ã  Ã©tÃ© dissipÃ©e par frottements pour lui permettre d'atteindre l'Ã©quilibre instable sur sa tranche et retomber.",2
Je tâ€™ai envoyer une vidÃ©o de cette objet yâ€™a genre 2jours ğŸ˜‚,1
il ressemble au mec dans la sÃ©rie YOU grosse ressemblance,4
Mais est-ce que tout Ã§a ce n'est juste pas qu'une question de balance?,3
le flipo tombe t il toujours du cÃ´tÃ© de la confiture ?,2
"""Chais pas si vous l'avez remarquÃ©"" ... Ca faisais un bail que j'avais pas entendu cela ^^ retour aux bases !",1
1:39 1er degrÃ© jâ€™ai lu le commentaire et jâ€™ai cru que câ€™Ã©tait la rÃ©el utilitÃ© de lâ€™objet jusquâ€™a ce que je finisse de lire la phraseâ€¦. Jâ€™ai mÃªme du mettre pause pour le lire avec attention,1
Florian Flipo,5
Laisse nous lâ€™ocassion de pouvoir jouer avec tes objects!,5
J'adore comment nozman peut nous intÃ©resser pendant 8 minutes sur un objet qui fait simplement roulerğŸ’ª,5
Pourquoi il y a deux trous sur le flipo ? Juste pour mettre une dragonne ?,2
Fais un musÃ©e numÃ©rique et tu vends les objets en NFT,5
Il est pas censÃ© avoir MSN le mardi ? ğŸ˜•,1
Merci pour ces vidÃ©os d'objets !,5
Dans le mÃªme style (mais plus en bois) l'anagyre qui est aussi assez Ã©tonnant,3
Il ne vous manque plus que le GÃ¶mbÃ¶c.,1
Et oÃ¹ est-ce que tu choppe tout ces objets ? ğŸ˜­,1
ON VEUX UN MUSÃ‰E,5
Go pour un crowdfunding du musÃ©e d'objets fascinants!,5
Pas giga lisse vu quâ€™il yâ€™a de la poussiÃ¨re et des crasse. ... pâ€™tit coups de snifer et hop,2
Ca me rappelle les bons vieux Zippo,5
Je pense que tu le fais tourner comme une toupie et sa tourne a l infini ? Si c'est pas sa je vais passer pour un gros con - -' mdr,2
moi je vais l'appeller filipo le flipo,1
Y a pas rÃ©ellement dâ€™objet qui se rapproche dâ€™un tÃ©traÃ¨dre oÃ¹ dâ€™une pyramide. Par contre est ce quâ€™on peut trouver un lÃ©ger rapport entre un cÃ´ne et lâ€™ovoÃ¯de ?,2
Le neotemi ADN il sera de nouveau dispo bientÃ´t?,2
Philippot !,5
Mais pourquoi il a des trous sur le cÃ´tÃ©!!!ğŸ¤”ğŸ¤”,3
Cquoi le nom du 2 eme objet,1
"Alors non ce n'est pas Ã  cause de la gravitÃ©, qui est une force conservative, c'est Ã  cause des frottements (qui doivent Ãªtre les principaux responsables) ou de l'Ã©nergie dissipÃ©e en dÃ©formation (qui est probablement trÃ¨s trÃ¨s faible).",2
Est ce que dans une mini rampe de skate ils peuvent faire des allÃ©s retours?,3
Celui du Japon,5
Tâ€™en as oubliÃ© un,1
imagine des transports qui avancent avec cette technologie.. pas besoin de fuel ahah.. ecoresponsable mais sÃ»rement trÃ¨s lent,2
CrÃ©e une boutique objets curieux Dr Nozman  ! Gros stonks !,5
il serve a quoi les trous sur le coter du flipo?,3
"Plus je lâ€™observe, plus je me dit quâ€™il ressemble Ã  Joe dans Youâ€¦ flippant mais super vidÃ©o !",5
et combien de mÃ¨tres max peut parcourir le flipo ? Hein ? Quel est ton record ?,3
"et une course contre l'autre galet chelou au mouvement ""pseudo perpÃ©tuel"" peut elle Ãªtre organisÃ©e ? ^^",1
Ã‡a ferait un super briquet !,5
"A mon avis le Flipo est un cale porte, j'espÃ¨re que j'ai juste",3
Y a t'il un objet qui ne s'arrÃªte jamais ? Qui a chaque mouvement redonne la mÃªme force ?,1
donc si on en construit un de 30km sur 30km va t-il tout Ã©craser sur son passage ?,2
Toujours super intÃ©ressant ğŸ§,5
"6min 40 sur flipo , pas mal",4
Oui pas mal mes pas ouf tu nous a habituer Ã  plus fou,3
tu pourrais faire un musÃ©e virtuel avec des images et des vidÃ©os de l'objet en mouvement,5
Il est oÃ¹ le MSN!!!!!!,1
"Tu as la mÃªme bouche que Patrick Sauce, un journaliste de BFM TV, avec des petits creux exigus sur les cÃ´tÃ©s, voilÃ .",2
Cette objet me fait beacoup penser Ã  l'oloÃ¯de,2
Du coup on peut faire un bowling avec un gros flipo ? Ou des petites quilles ?,3
Je kiffe ce nouvel objet !,5
Est ce quâ€™on peux dire que rien ne lui fait peur ? Et bien oui â€¦ vu quâ€™il ne flippe po,5
Serai t'il possible de faire une voiture avec des flipo Ã  la place des roues ? ğŸ¤”ğŸ¤”ğŸ¤”,3
Pourquoi il a deux trous dans un des angles ?,2
Bravo !! Merci,5
Tu voudrais pas tester la distance maxi qu'il peut parcourir ? Genre sur une piste de bowling ou dans un couloir ğŸ¤”,3
Bah je pense que cet objet une fois lancÃ© en ligne droite ne s'arrÃªte pas avant d'avoir rencontrÃ© un obstacle,2
Le Gomboc c'est un objet hyper intÃ©ressant aussi je trouve,5
''j'adore les objet'' ğŸ˜­ğŸ˜­ğŸ˜‚,5
saint marc dâ€™Ã©rable ?,3
pour moi ce sont des graines de tilleul...,3
Moi je dirais que Ã§a sert Ã  jouer au osselets Ã  premiÃ¨re vue ğŸ¤”,3
vivement le gÃ¶mbok. Dans la sÃ©rie objet satisfaisant.,5
Ce nettoyage de miroir de qualitÃ© ğŸ˜‚ğŸ˜‚ğŸ˜‚,5
Nozman: *pose une question vers **1:40*,1
Also Nozman: *met la rÃ©ponse dans le titre et la miniature*,3
Ah ouais maitenant j'ai le son dans la tÃªte * flop flop flop flop flop flop flop flop flop flop flop flop flop flop flop *,1
MusÃ©e des objets ! Lets go !,5
Ses un objet qui avance grÃ¢ce Ã  son inertie,4
Moi j'aime bien le bruit mdr,4
Oui pour le musÃ©e,3
Le NozMuseum ğŸ¤”,1
Ã€ une lettre prÃªt Ã§a faisait Florian Philippot,5
A quand le feat avec poisson fÃ©cond ?,2
C'est des truc stupÃ©fiants !,5
Pourquoi il a une prise jack ton flipo ? C'est un airpod ?,1
His flipping ğŸ˜…,3
Je suis mÃ©ga chaud pour le musÃ© Nozman !!!  Et je suis trop fiÃ¨re j'ai pensÃ© au bowling genre 10sec avant que tu en parles ğŸ˜‚,5
"Et le petit trou sur la tranche prÃ¨s d'un coin ? Ã‡a mÃ©rite un commentaire, un petit au moins, non ?",2
Je pense qu'il roule car le mot flipo me fait pensÃ© Ã  flip et si il fait des flip il roule chui pas sur mais s'est mon avi,2
La sponso elle tombe comme un cheveu sur la soupe câ€™est insupportable,1
1:39 Le flipo Ã§a sert Ã  faire joli sur l'Ã©tagÃ¨re,4
C'est un peu comme le toupie dans inseption,3
Je pense que je ne suis pas un objets ğŸ˜…,1
Oui pour un musÃ©e d'objets ğŸ˜,3
A quoi servent les trou sur les pointes du flipo,3
1:40 eeee je dirait que c'est pour faire un pile ou face mais je pense pas XD ce serais bizarre ğŸ¤·â€â™‚ï¸,2
"""J'adore les objets"" Nozman 2021",5
"Sur amazon beaucoup disent qu'il ne fonctionne pas, il y a une vidÃ©o assez drÃ´le oÃ¹ le mec le bouge Ã  peine pour prouver qu'il ne ""roule"" pas",1
"C'est pas un musÃ©e qu'on veut, c'est la Salle de Jeu du Dr Nozman ouais",2
Where is MSN ? ğŸ¤”ğŸ¤”ğŸ¤”,1
Flipo ou flopa?,1
Moi sa me fait penser au fidget stick,4
Salut. Dommage que t'as pas testÃ© sur une plus longue distance j'aurais bien voulu voir jusqu'Ã  ou ca peut aller,5
pour ceux qui sont lÃ  depuis longtemps tu avais dÃ©jÃ  fais une vidÃ©o sur un petit bÃ¢tonnet en bois qui faisait exactement le mÃªme type de mouvement contre intuitif,3
Wanted : MSN dead or alive 20000000000â‚¬,1
"Quand j'y pense, faudrait faire une course entre le flipo et l'oloÃ¯de...",2
(par exemple en distance parcourue avec la mÃªme impulsion),3
je viens de penser Ã  un truc si dans l'histoire de l'humanitÃ© on avait decouvert le flipo avant la roue Ã§a aurait donnÃ© quoi,2
"Je trouve Ã§a vraiment pas contre intuitif, c'est mÃªme plutÃ´t Ã©vident",3
J'ai attendu toute la vidÃ©o que les trous sur la tranche soient expliquÃ©s... ğŸ˜”,2
"Explication trÃ¨s incomplÃ¨te je pense, n'y a t'il pas un effet liÃ© au fait que la hauteur du centre de gravitÃ© change tout le temps, que sa chute suit une courbe. La trajectoire du centre de gravitÃ© ressemble Ã  ces billes sur des circuits en forme de vagues et qui elle aussi vont plus loin et plus vite que sur du plat...",2
Un musÃ©e NOZMAN,1
Tu les termine quand tes robots que tu construit,3
Un musÃ©s d objet oui !,5
Les versions d'amazon sont trÃ¨s mal notÃ©es. OÃ¹ as-tu achetÃ© le tiens ?,1
Je payerait pour une visite dans ton musÃ©e de toute  tes dÃ©couvertes sur des objet insolites avec des comportements qui dÃ©fient les lois de la physique,2
Top ce Flipo !,5
Mais petite question : les trous sur les tranches ont une fonction ?,3
"Si t'ouvres un musÃ©e, je viens.",1
LES MSSNNNNN,3
Il imite une pente,5
"Ho quel beaux objets! ğŸ¤”ğŸ˜„ğŸº comprenne qui pourra, dÃ©dicace a Pierre Bellemare et Marise et au squetch de Laurent Gerra.",5
T'as maigri. Je ne pense pas devoir te rappeler qu'il faut bien s'alimenter.,2
"7:45 On attend que Ã§a. DÃ¨s qu'il sera plein, fait nous une vidÃ©o de la collection totale pour nous remÃ©morer le bon vieux temps. J'ai hÃ¢te de revoir le Mova Globa (cette objet m'avais ultra fascinÃ©, j'ai voulu l'acheter pour ma dÃ©co, mais il coÃ»tait environ 300â‚¬ quand mÃªmeğŸ˜…; pour un Ã©tudiant, une somme pareille Ã§a pique)",1
MUSÃ‰E : OUI Ã€ 100%,5
"tes explications physiques sont confuses, insensÃ©es, floues et fausses, tu utilises du vocabulaire scientifique de maniÃ¨re incorrecte. Je trouve ca dingue que tu puisse comme Ã§a prÃ©tendre maitriser ce domaine et partager tes Ã©lucubrations Ã  un public qui a confiance en toi. Il est possible de donner des explications Ã  certains phÃ©nomÃ¨nes, mais cela doit Ãªtre fait de maniÃ¨re honnÃªte et rigoureuse.",1
Le musÃ©e fait le dans ta dÃ©co derriÃ¨re toi ğŸ‘ğŸ˜‰ğŸ˜‰ (dÃ©co qui est actuellement assez... Pauvre lol),3
A quand une course entre les objects ? Ou voir les records de distances possibles...?ğŸ”¥ ğŸ˜œ,3
Je ne mettrai pas de pouce Rouge mais ton truc c'est  nul.,1
"Petite erreur : ce n'est pas la gravitÃ© qui fera en sorte d'arrÃªter son mouvement mais les frottements de glissement et de roulement. La gravitÃ© n'a pas d'effet dissipatif de l'Ã©nergie cinÃ©tique dans ce cas ci. Aussi parfaitement lisse que sa surface puisse paraÃ®tre, Ã  l'Ã©chelle microscope elle possÃ¨de des aspÃ©ritÃ©s qui s'entrechoquent avec les aspÃ©ritÃ©s du plan horizontal. Dissipation donc par phÃ©nomÃ¨ne adhÃ©rence ou de dÃ©formations plastiques encore une fois au niveau microscopique.",3
#Tribologie,5
J'adore tes vidÃ©os continue comme Ã§a gros BG ğŸ‘ŒğŸ‘ŒğŸ‘ŒğŸ‘ğŸ‘ğŸ‘,5
ğŸ’ªğŸ˜ğŸ‘,5
Je suis sÃ»r tu fais un crowdfonding Ã  1 million pour faire un musÃ©e Ã§a marche ! XD,1
Il peut faire DES choses trÃ¨s contre-intuitives ? A part rouler il peut faire quoi ?,2
"""Un carrÃ© tout ce qu'il y a de plus carrÃ©"" C'est parce que je suis un gros fan de Kaamelott que j'y vois un gros clin d'oeil Ã  la sÃ©rie ?? :D",2
"Un site pour se procurer tes objets scientifiques?, STP",3
C'est bien le truc pour la durÃ©e de la sponso !,4
"""Vous voulez un musÃ©e d'objets ?""",1
"Je crois que tu tiens un concept de vidÃ©o lÃ , tu ouvres un cabinet de curiositÃ©s d'objets scientifiques, tu fais venir Patrick Baud (Axolot) et tu lui prÃ©sentes chaque objet ! :p",5
"Tu fais un musÃ©e et tu deviens le guide, effet garanti !",5
Ã‡a fonctionne avec mes briquet bic,5
La Terre est carrÃ©e les potes,1
Quelqu'un sait quand est-ce qu'il reprendra les #MSN ? J'adore ces vidÃ©os.,3
En vrai Ã§a serait lourd tu fais toi mÃªme un objet dans le genre,3
"Salut Doc. Ce que j'adore quand tu prÃ©sente tes objets plutÃ´t insolites, c'est la fascination que tu as pour eux et ca se ressent sur tes expressions corporelles. C'est vrai, on a  tous quelques chose de gamin en soit et je pense que c'est ton cas. Tu es comme un gosse face Ã  ces objets. Remarque, je le suis tout autant que toi. Merci pour tout ce que tu nous prÃ©sente et ne change pas, tu es trÃ¨s bien comme tu le fait.",5
Un musÃ©e d'objets Ã§a marcherait de fou ^^,5
Oui pour le musÃ©e d'objets !,4
J'Ã©tais persuadÃ© que t'avais dÃ©jÃ  prÃ©sentÃ© cet objet y'a un bon moment!!!ğŸ¤”,3
Oui pourquoi pas,2
On pourrait pas s'en servir comme roue d'un vÃ©hicule ?,2
"Nozman : ""Vous voulez un musÃ©e d'objets ?""",1
Moi : fait oui de la tÃªte !,5
Quoi qu'il propose c'est oui d'office ğŸ˜‚!,4
"C'est gÃ©nial ce que tu nous fais partager et ce que tu nous apprend, je ne m'en lasse pas. Merci.",5
Perso je dit que cette objet bas il fait un truc voila ğŸ˜…ğŸ˜…ğŸ˜…,1
Nan en vraie je pense que si tu le mais droit et que tu le lache il vas tomber sur l'un des coter mes a l'infini mais je pensse que c pas sa mes je le mais quand mÃªme,3
Câ€™est tellement satisfaisant,5
Il faudrait essayer ces objets dans une chambre Ã  vide posÃ©e sur la lune .. ğŸ˜,2
Le flipo c'est un tru qui s'arrÃªte jamais de tourner ?,1
"6:56 : ""il auto alimente son mouvement"", les adeptes du mouvement perpÃ©tuel et de l'Ã©nergie infinie en sueur ğŸ˜„",5
1:44 L'interet du Flipo ğŸ˜’,5
1:57 WTF ğŸ˜³,1
La premiÃ¨re musique en background sâ€™appelle comment svp ?,1
Le truc a mÃªme une prise jack pour brancher ses Ã©couteurs c'est ouf,3
"Tu pourrais voir en partenariat avec le musÃ©e des arts et mÃ©tiers pour faire un musÃ©e d'objet insolite pour la science ( bon mÃªme si le musÃ©e des arts et mÃ©tiers se trouve dÃ©jÃ  avec une petite partie seulement accessible en exposition comparÃ© au grand nombre d'objet y Ã©tant, juste voir si il serait possible de faire un ""mini musÃ©e"" sur plusieurs objets insolites scientifique)",3
Le flipo crÃ©e de l'Ã©nergie ?? 1:40,2
Je pense que le flip ne sâ€™arrÃªte jamais,1
Une nouvelle faÃ§on de recycler ses trophÃ©es Youtube ğŸ˜‰,5
"SÃ©rieux, oÃ¹ est ce que tu trouves tes trucs bizarre ?",4
je pense que le flipo sa sert a etre tournÃ© et sa ne s aretteras jamais enfin j imagine flip tourne et o ba o,1
Le Biome va Ã©voluer en musÃ©e Ã  ce rythme !,5
Un GROS OUI pour le musÃ©e mais seulement si on peut tous les acquÃ©rir aussi !! ğŸ˜,3
Pourquoi il n'y a plus les MSN ?,1
Il faut un pack avec  les trois Objet,3
"Nozman lâ€™animiste, pour ceux qui ont la reff",1
Une masse a chaque extrÃ©mitÃ©s ?,3
Une petite course entre l'olloide et le flippo eut Ã©tÃ© apprÃ©ciable. :) ou un comparatif genre lequel va le plus loin... :),3
Ã§a tourne,5
Si on en faisait des Â«rouesÂ» ?,3
"Le flipo c'est un ""objet qui ne s'arrÃªte jamais"" (Nozman, 23.11.21)",1
5:02 J'ai rien compris Ã  partir de la ...,5
Le mÃªme style que les petits jouets haricots magique sauf qu'Ã  l'intÃ©rieur du haricots il y a une bille .,3
"Non ce n'est pas Ã  cause de la gravitÃ© que le Flipo s'arrÃªterai mais Ã  cause des frottements. En gros y'a pas de frottement dans l'espace pourtant la Terre subit la gravitÃ© solaire, et la Terre ne va pas en direction du soleil, pourquoi ? Loi de conservation de l'Ã©nergie, le genre de truc qu'avait aussi remarquÃ© Lavoisier, rien ne se perd rien ne se crÃ©er tout se transforme.",2
La vidÃ©o qui rÃ©gale le jour de mon anniv ! ğŸ˜ğŸ˜ğŸ˜ğŸ˜€ğŸ˜€ğŸ‰,5
"Je pense que le flipo sert Ã  comprendre la thÃ©orie des cordes ainsi que la relativitÃ© restreinte, ou bien alors il ne sert Ã  rien du tout.... HonnÃªtement je sais pas ğŸ¤·â€â™‚ï¸",2
Il flip,1
Pour le musÃ©e + 1 ğŸ‘ sans hÃ©siter !,5
"""J'adore les objets !""",5
J'adore moi le bruit c'est satisfaisant mdr,5
Je dirai que le fluo sert Ã  montrer les mouvement de rotation de la terre ???,3
On est carrÃ©ment dans Inception lÃ ,3
Une p'tite collab avec Nota Bene sur les objets satisfaisants dans l'histoire ?,3
Merci pour ton contenu ;),5
"Je pense que le flipo sert Ã  comprendre la thÃ©orie des cordes ainsi que la relativitÃ© restreinte, ou bien alors il ne sert Ã  rien du tout... HonnÃªtement je sais pas ğŸ¤·â€â™‚ï¸",2
2:26 Ce moment mâ€™a fait mal,2
l'impulsion du dÃ©part n'est pas aussi anodine que ce qu'on veut nous faire croire !,3
Le flipo est flippant ğŸ˜‚ğŸ˜‚ğŸ˜‚ğŸ˜‚,3
Ã‡a serait cool un musÃ©e,3
il m'en faut 1 en cours c'est gÃ©nial ğŸ¤£,5
J'ai su ce que faisais l'objet car tu l'as littÃ©ralement spoil dans le titre en fait ... habile,4
Je connais Nozman depuis longtemps mais en fait il ressemble un peu Ã  Joe dans la sÃ©rie You ğŸ¤£ğŸ¤£ğŸ¤£,3
"La gravitÃ© le fait basculer sur le cÃ´tÃ©, mais avec la forme pyramidale du cÃ´tÃ©, il remonte (en ce propulsant avec le cÃ´tÃ© de la pyramide) et refait le phÃ©nomÃ¨ne ""infiniment"".... Je sais pas si c'est clair mais voilÃ  ğŸ˜‚",2
Ouais... bof cet objet ğŸ˜‘~,2
"""cet objet ne s'arrete jamais""",1
"5:07: ""... Et qu'il s'arrÃªte""",1
defis fait un skate avec des roues en flipo,4
Go pour le muse objet scientifique,4
Hey Dr Nozman. Regarde le bol tibÃ©tain chantant.  Câ€™est ouf !,5
Et sur un carrelage ?,2
pour tout ces objets Ã§a fonctionnerait Ã  grande Ã©chelle ? ( je ne pense pas mais je demande au cas oÃ¹ ),3
Tu parle tu parle mais depuis tout Ã  l'heur tu la pas mis par terre histoire qu'on voie si il s'arrÃªte vraiment pas,2
ca avance pour mon frere,5
"pour moi je trouve que ca ""flip"".",3
Salu germ 1,5
Bien vue le conseil pas chaire,3
avec les petit fluo sa marche aussi,2
La vraie question estÂ : mais bordel Ã  quoi sert le trou sur le cÃ´tÃ© du flipo,3
Oui pour le musÃ©e !,5
C'est super insatisfaisant de faire Ã§a sur un table oÃ¹ il tombe avant de s'arrÃªter tout seul. On voit pas juste oÃ¹ il peut aller ğŸ˜¢,1
Tu n'as plus ton compte tiktok ??,1
tu en avais pas dÃ©jÃ  parler dans une vidÃ©o ?,1
on peut le mettre sur un tapis roulant ?,3
Fait en fabriquer et vends les ! Je serais le premier clients :D,5
impÃ©cable pour stresser le voisin du dessous! ou bien le collÃ¨gue  du bureau d'a cotÃ©! j'achÃ¨te! XD XD XD,5
Je pense que le flipo sert Ã  comprendre la thÃ©orie des cordes ainsi que la relativitÃ© restreinte.,3
Il tourne,4
Je pense que le flipo sert a trouver tous les zeros non triviaux de la fonction zeta de riemann,3
on va tous s'en achater un ce soir,5
Et le pet qui trouble caleÃ§on sâ€™en ai ou?,5
On dirait un mini trophÃ©e ğŸ† YouTube ğŸ˜‚ğŸ˜‚ğŸ˜‚,5
"pour la piste de bowling il faut savoir que le piste est huilÃ©e sur le premier tiers (Ã§a explique les gadins qu'on se prends quand on le malheur de mordre au delÃ  de la ligne), un peu moins sur le deuxiÃ¨me tiers et pas du tout sur le dernier. Ã§a explique sa glissance et l'adhÃ©rence sur le dernier tiers (la boule a aussi un noyau mÃ©tallique excentrÃ© et cylindrique pour forcer une rotation particuliÃ¨re diffÃ©rente de celle imposÃ© par la lancÃ©e de faÃ§on a optimiser le changement de direction de la boule au dernier tiers",3
Prochaine vidÃ©o : Une sphÃ¨re qui ne roule pas....,1
Le bruit du flipo qui roule est giiiiiiiiiiiiiga satisfaisant...,3
INCEPTION,5
Ce sont les frottements qui Ã©puisent son Ã©nergie cinÃ©tique et non la gravitÃ© x),2
Le musÃ©e de Nozman letsss goo,5
trop bien merci doc,5
"1:46 | ğŸ˜‚, en mÃªme temps je savais a peu prÃ¨s avec la miniature et le titre...",3
Il est finalement assez similaire avec le kururin que tu avais montrÃ© sur les objets du japon,3
"1:45 : Alors, hmmm, je pense qu'il ..... ne s'arrete jamais ???",1
Les pistes de bowling ne sont pas huilÃ©es de la mÃªme maniÃ¨re sur leur intÃ©gralitÃ© renforÃ§ant lâ€™effet de la boule Ã  la fin de la piste,3
On le mettant sur une surface lÃ©gÃ¨rement inclinÃ©e il ne s'arrÃªtera jamais,3
"""jamais""",1
Je tâ€™ai vu Ã  cÃ´tÃ© de la fac de mÃ©decine de Paris merci pour cet Ã©change de regard ğŸ˜‚ğŸ˜‚,5
on dirait il a une prise jack,3
Tu remplaces tes pneus pas sa et plus besoin d essence,2
"Le Flipo il permet Ã  ce que tu puisses faire une vidÃ©o dessus pour demander Ã  quoi il sert, jâ€™ai ton respect ?? ğŸ˜ğŸ˜‚",4
Petite question qui me hante depuis quelques minutes  : Ã  quoi sert le petit trou visible ???,3
"Super vidÃ©o , l'objet est fou !!! C'est juste dommage que tu n'exploite pas tout son potentiel , pourquoi toujours refaire la mÃªme chose sur la table alors que tu pourrais rester l'objet dans diffÃ©rentes situations ( ton skate parc , une grande salle sans obstacles , ... )",5
Need le musÃ©e d'objets.,5
Ã  ne pas confondre avec le fillipo XD,4
Moi au dÃ©but de la vidÃ©o : Â«Â je prÃ©fÃ¨re visiter le studio de Nozman avec tous ses objets que dâ€™aller dans un musÃ©e.Â Â»,2
Moi Ã  la fin de la vidÃ©o : Â«Â  je veux que nozman ouvre son musÃ©e pour que jâ€™y ailleÂ Â» ğŸ˜­,1
met le sur un tapis de course,4
Merci Nozman Top la vidÃ©o !,5
Il aurait fallu un passage ou le flippo roule sur une mega longue distance !,2
Le musÃ©e sur l Ã®le de Brehat !!,5
Bonjour Doc as tu dÃ©jÃ  traitÃ© l'objet Powerball c'est un peu vieux mais je trouve cela intÃ©ressant.,4
"T'en a de bonne toi avec ta question, dans la miniature tu spoile la rÃ©ponse.",3
"Franchement, le musÃ©e d'objet, avec une partie manipulation, Ã§a ferait son petit effet, sÃ»r que ce serait rentable....",3
moi je dit qu'il sert a rouler,4
"Les belges 90s 2000s, câ€™est pas Ã§a les flippo ğŸ˜­",1
Je vais m'empresser d'aller acheter ce petit objet tellement Ã©trange mais satisfaisant ğŸ˜ğŸ˜ Tu aurais un lien pour acheter l'oloide ? Super vidÃ©o encore une fois ğŸ˜‰,3
2:43 mdr *WASTED* ğŸ˜‚ğŸ˜‚,1
Va pour un muser des objets spÃ©ciaux et addictif. moi Ã§a me plairait beaucoup go go go pour musÃ©e.,4
aucune idee je l'ai juste vue sur amazon,1
Toujours gÃ©nial merciğŸ‘,5
"Petite note : ce sont les frottements qui empÃªchent le mouvement perpetuel : la gravitÃ© est uniforme ici, donc ne fournit pas de travail.",2
Ont veut un musÃ©e ğŸ”¥ğŸ”¥ğŸ”¥,5
C'est drÃ´le le Flip on dirait le logo youtube et les rÃ©compenses pour avoir plusieurs millions d'abonnÃ©s,1
Tu pourrais parler de la paralysie de Bell dans une de tes video,1
Quand je vois tous tes objets je me dis que tu dois avoir un cabinet de curiositÃ©s.,3
"L'idÃ©e du musÃ©e, Ã§a m'intÃ©resse beaucoup, tu peux peut Ãªtre tentÃ© le coup dans une salle d'expo prÃ¨s de chez toi, ou bien proposer tes objets Ã  une universitÃ© de sciences pour ses portes ouvertes.",4
C'est un hyperactif,1
c juste le calcul exact de la surface de contact d' une sphÃ¨re,4
je suis actuellement entrain de reviser mon cours de meca avec le flipo,4
Oui on veut un musÃ©e d'objets! ğŸ˜,3
"Bonsoir, oui nous voulons le musÃ©. Bonne soirÃ©e & bonne vidÃ©o !",5
Je suis vraiment intriguÃ© par l'utilitÃ© des petits trous qu'on peut voir sur les tranches du flipo... Une rÃ©ponse ?,3
Merci pour la dÃ©couverte de l'objet,5
il fait des back flip ?,2
"Petite question que je me pose, est ce que quand tu fais un placement de produit tu es payÃ© en fonction du match Time sur la pÃ©riode de la vidÃ©o oÃ¹ tu fais le placement ou alors tu es payÃ© avec une somme fixe dÃ©finie par avance ?",3
tu fais mÃªme pas des tests sur 30metres quel foutage de gueule aucun intÃ©rÃªt de te voir faire le con devant une table toute petite,1
Ca aurait Ã©tÃ© cool de voir jusqu'oÃ¹ le flipo peut aller en terme de rapport surface/distance. Et le trou sur le cÃ´tÃ© c'est quoi ? La recharge ? ğŸ¤£ pourquoi pas une version lumineuse ?,3
Jâ€™ai bcp aimÃ© le moment tableau,4
"Ah oui c'es st le fameux object qu'on vois sur insta comme quoi il a mis 2 ans Ã  le faire, sur une autre c'est 6 mois ğŸ˜‚",5
"grosse erreur: ce n'est pas la gravitÃ© qui va faire que le flipo finit par s'arreter. en effet, son Ã©nergie cinÃ©tique se transfome en Ã©nergie potentielle qui se retransforme en Ã©nergie cinÃ©tique etc. ce qui fait qu'il s'arrete, ce sont les frottements et les chocs non Ã©lastiques.",1
Il mâ€™a donnÃ© envie de regarder des compÃ©ts de bowling,5
"Le Flipo c'est un briquet a essence, ou alors c'est un Zippo, je sais plus.",2
"Titre vla putaclique ""qui ne s'arrÃªte jamais"" mais bien sur !",3
"Et Nord VPN c'est de la merde pour ton anonymat qu'il parait, mais bref, bref vidÃ©o pas top top.",2
3:57 AAAAAAhhhhh! mais non la gravitÃ© ne diminue pas l'Energie mÃ©canique. c'est les force de frottement qui diminue l'enneige mÃ©canique  jusqu'a qu'il tombe a 0.,3
Il tourne j'ai gagnÃ© le respect,5
Un musÃ©e un musÃ©e un musÃ©e,5
J'ADORE ce format de vidÃ©o avec les objets continue je t'en supplie ğŸ˜‡,5
Le musÃ©e,5
Oui je veut voir le musÃ©e Nozman,3
Oaaaa c contre intuitif de fouuuuuuu,3
UN AVIS SCIENTIFIQUE SUR LA VAGUE DEPUIS QUELQUES ANNÃ‰ES CONCERNANT.       L '.   â¬‡ï¸â¬‡ï¸â¬‡ï¸â¬‡ï¸â¬‡ï¸ASMR â¬†ï¸â¬†ï¸â¬†ï¸â¬†ï¸â¬†ï¸???????????????,4
*Merci Nozman pour faire toujours de super vidÃ©o*,5
C'est quoi les petits trous sur les tranches ?,3
Un musÃ©e je sais pas mais une prÃ©sentation Ã  la citÃ© des sciences par exemple ce serait trop cool ğŸ˜,3
Je pense que le flippo roule quand on le lance,2
Câ€™est pas une msn aujourdâ€™hui ?,1
c'est bof de mettre le lien du flipo mais l'objet est plus disponible mais au moins le lien ou on peut l'acheter et qu'il en a en stock,3
Pas ouf,1
Il n'y a dÃ©jÃ  plus de MSN ?,1
J'adore le bruit du flippo,5
ViewerDeLOmbre,4
Je t'aime,2
Flipo tout est dit dans le nom il fais des flip,5
Le flipo flippe,1
florian flipo,5
Nozman jâ€™ai une question est ce que tu pourrais faire une vidÃ©o sur si lâ€™Ã©nergie sinetique nâ€™existais pas se serais bien stp,3
Aujourd'hui dans un cours a l'iut sur les rÃ©actions acido basique la prof nous a mis ton ancienne vidÃ©o sur la lampe a lave en amphithÃ©Ã¢tre ğŸ˜‚ğŸ˜­,4
Le flipo câ€™est une belle faÃ§on dâ€™illustrer quand on dÃ©boule les escaliers: Ã§a sâ€™arrÃªte jamais.,4
"grave chaud pour le musÃ©e d'objet, mais il faudrait une boutique souvenir.ğŸ›",3
On a l'impression qu'une Ã¢me ou un esprit est en train de le poucer Ã  l'infini. DÃ©jÃ  rien que au noms il est parfaitement rÃ©sumÃ©.,3
MusÃ©e d'objet je dis oui ! ğŸ˜‚,5
"C'est vraiment inspirant. Stp, tu peux ajouter en commentaire, les liens vers les vidÃ©os des autres objets que tu mentionnes Ã  la fin ?",5
"Donc le flipo dispose d'une prise jack, c'est notÃ© ğŸ§",3
nozman je taime,1
Pour le musÃ©e c'est un OUI,4
Bon c'est bon on va pouvoir faire des voitures avec des roues carrÃ©es maintenant,4
Je pense que c'est un objet qui roule infiniment,1
Jâ€™adore,5
GÃ©nial dans apprendre plus !,5
Un musÃ©e je dis oui,5
"Merci Ã  NordVPN pour la collab, voici le lien pour les intÃ©ressÃ©s : https://nordvpn.com/drnozman",4
"Je connais dÃ©jÃ  un objet ayant ce nom "" flipo"" .... Je trouve Ã§a Ã©trange du coup j'essayais d'y voir un rapport mais en a aucun mdr",2
merci de m'apprendre encore plein de chose ğŸ˜Š,5
Trop cool,5
Il y a 4 minutes et il y a dÃ©jÃ  autant de commentaires,2
"Si tu vois ce commentaire, c'est que tu fais parti des premiers, bravo ğŸ‘ğŸ‘â¤â¤",5
Il y a un trou Ã§a me stresse ğŸ˜…,2
J'en avais acheter un je l'ai jeter car n'arrivait pas Ã  le faire rouler,1
Trop de satisfaction,5
Mardi science news ğŸ˜¡ğŸ˜¡ğŸ˜¡ğŸ˜¡,3
Il y a que moi que Ã§a stress le petit trou dans une des faces ?,2
Quelqu'un connait un magasin Ã  Paris qui vend ce genre d'objet ? (ou que celui lÃ ),1
La musique en fond en dirait une musique de mencraft et les l'objet sont trÃ¨s intriguant ğŸ‘½ğŸ‘½,3
J'attends mon Ã©pisode de MSN,5
Voici un commentaire pour le rÃ©fÃ©rencement de la vidÃ©o.,3
Je pense que Ã§a va Ãªtre une toupie mais infini,2
Le flipo sert a avoir le dernier mot sur le dÃ©bat de la congolÃ©xicomatisation des lois du marchÃ© en proportionnalitÃ© avec la nuclÃ©aritÃ© des rollers,4
Et son bruit me tabasse ğŸ˜‚,1
Yo nozman. Trop cool lâ€™objet tu mâ€™a donner envie de lâ€™acheter continue comme sa c gÃ©nial tâ€™es vidÃ©o ğŸ¤©,1
Lâ€™ADN est toujours en vente ?,1
YOOOOOOOOOOOOO NOZMAN,1
Merci Nozman pour faire toujours de super vidÃ©o,5
Je l'ai pas encore vue et j'ai dÃ©jÃ  atte,2
"Super vidÃ©o, bravo et bonne continuation",5
Cool,5
tes notifs sont souvent les meilleurs chose qui arrive de la journÃ©eğŸ˜ğŸ˜ğŸ˜,5
"Pas mal , ca fait anti stress ğŸ˜´ğŸ‘ŒğŸ¼",4
First,5
Nozman pete moi le fiak <3,1
Super vidÃ©o ğŸ‘ğŸ˜,5
yeeaaaa c'est parti !!!,1
â˜¢ï¸Ekp(^_-),5
Tu gÃ¨re continue comme Ã§a ğŸ‘,5
â¤ï¸â¤ï¸â¤ï¸,5
wouah,1
Team notif,5
Team je saute sur la notif,1
INCROYABLE LA VIDEO ğŸ¤© COMME D'HABITUDE LE BOSSS,5
Salut,5
nÂ°1,3
First comm,5
Super une nouvelle vidÃ©o du meilleur Dr ğŸ‘ğŸ¼,5
Incroyable,5
First,5
Je te kiffe frero continue les vidÃ©o jâ€™espÃ¨re que tu verra ce com,5
Hi,5
"Bonjour ğŸ‘‹,  le boss de science game youtube",5
Super video,5
ğŸ¤˜,5
First,5
